STRING,INTEGER,INTEGER,STRING,STRING,STRING,STRING,STRING,STRING,STRING,STRING,STRING,STRING,STRING,STRING,STRING,STRING,INTEGER,STRING,STRING,STRING,STRING,STRING,STRING,STRING,STRING,STRING,STRING,STRING,STRING,STRING,STRING,STRING,STRING,STRING,STRING,STRING,STRING,STRING,STRING,STRING,STRING,STRING,STRING,STRING,STRING,STRING,STRING,STRING,STRING,STRING,STRING,STRING,STRING,STRING,STRING,STRING,STRING,STRING,STRING,STRING,STRING,STRING,STRING,STRING,STRING,STRING,STRING,STRING,STRING,STRING,STRING,STRING,STRING,STRING,STRING,STRING,STRING,STRING,STRING,STRING,STRING,STRING,STRING,INTEGER,STRING,STRING,STRING,STRING,STRING,STRING,STRING,STRING,STRING,STRING,STRING,STRING,STRING,STRING,STRING,STRING,STRING,STRING,STRING,STRING,STRING,STRING,STRING,STRING,STRING,STRING,STRING,STRING,STRING,STRING,STRING,STRING,STRING,STRING,STRING,STRING,STRING,STRING,STRING,STRING,STRING,STRING,STRING,STRING,STRING,STRING,STRING,STRING
EXPNAME,SUBJECT,SESSION,VARIABLE,VARIABLE,VARIABLE,VARIABLE,VARIABLE,VARIABLE,VARIABLE,VARIABLE,VARIABLE,VARIABLE,VARIABLE,VARIABLE,VARIABLE,VARIABLE,LOG_LEVEL,VARIABLE,VARIABLE,VARIABLE,VARIABLE,VARIABLE,VARIABLE,VARIABLE,VARIABLE,VARIABLE,VARIABLE,VARIABLE,VARIABLE,VARIABLE,VARIABLE,VARIABLE,VARIABLE,VARIABLE,VARIABLE,VARIABLE,VARIABLE,VARIABLE,VARIABLE,VARIABLE,VARIABLE,VARIABLE,VARIABLE,VARIABLE,VARIABLE,VARIABLE,VARIABLE,VARIABLE,VARIABLE,VARIABLE,VARIABLE,VARIABLE,VARIABLE,VARIABLE,VARIABLE,VARIABLE,VARIABLE,VARIABLE,VARIABLE,VARIABLE,VARIABLE,VARIABLE,VARIABLE,VARIABLE,VARIABLE,VARIABLE,VARIABLE,VARIABLE,VARIABLE,VARIABLE,VARIABLE,VARIABLE,VARIABLE,VARIABLE,VARIABLE,VARIABLE,VARIABLE,VARIABLE,VARIABLE,VARIABLE,VARIABLE,VARIABLE,VARIABLE,LOG_LEVEL,VARIABLE,VARIABLE,VARIABLE,VARIABLE,VARIABLE,VARIABLE,VARIABLE,VARIABLE,VARIABLE,VARIABLE,VARIABLE,VARIABLE,VARIABLE,VARIABLE,VARIABLE,VARIABLE,VARIABLE,VARIABLE,VARIABLE,VARIABLE,VARIABLE,VARIABLE,VARIABLE,VARIABLE,VARIABLE,VARIABLE,VARIABLE,VARIABLE,VARIABLE,VARIABLE,VARIABLE,VARIABLE,VARIABLE,VARIABLE,VARIABLE,VARIABLE,VARIABLE,VARIABLE,VARIABLE,VARIABLE,VARIABLE,VARIABLE,VARIABLE,VARIABLE,VARIABLE,VARIABLE,VARIABLE,VARIABLE
1,1,1,1,1,1,1,1,1,1,1,1,1,1,1,1,1,2,2,2,2,2,2,2,2,2,2,2,2,2,2,2,2,2,2,2,2,2,2,2,2,2,2,2,2,2,2,2,2,2,2,2,2,2,2,2,2,2,2,2,2,2,2,2,2,2,2,2,2,2,2,2,2,2,2,2,2,2,2,2,2,2,2,2,3,3,3,3,3,3,3,3,3,3,3,3,3,3,3,3,3,3,3,3,3,3,3,3,3,3,3,3,3,3,3,3,3,3,3,3,3,3,3,3,3,3,3,3,3,3,3,3,3
ExperimentName,Subject,Session,Chronos.BoxInfo,Clock.Information,DataFile.Basename,Display.RefreshRate,ExperimentVersion,Group,RandomSeed,RuntimeCapabilities,RuntimeVersion,RuntimeVersionExpected,SessionDate,SessionStartDateTimeUtc,SessionTime,StudioVersion,Block,Arrow,AttenList,AttenList.Cycle,AttenList.Sample,AudioFile[Block],Babys_side,FamList,FamList.Cycle,FamList.Sample,KeyResp1RESP[Block],KeyResp1RT[Block],KeyResp2RESP[Block],KeyResp2RT[Block],KeyResp3RESP[Block],KeyResp3RT[Block],KeyResp4RESP[Block],KeyResp4RT[Block],KeyResp5RESP[Block],KeyResp5RT[Block],KeyResp6RESP[Block],KeyResp6RT[Block],KeyResp7RESP[Block],KeyResp7RT[Block],KeyResp8RESP[Block],KeyResp8RT[Block],LedNummer,LookAwayCrit[Block],LookAwayResp,LookAwayTime1[Block],LookAwayTime2[Block],LookAwayTime3[Block],LookAwayTime4[Block],LookAwayTime5[Block],LookAwayTime6[Block],LookAwayTime7[Block],LookAwayTime8[Block],LookCrit[Block],LookResp,LookTime1[Block],LookTime2[Block],LookTime3[Block],LookTime4[Block],LookTime5[Block],LookTime6[Block],LookTime7[Block],LookTime8[Block],MaxFamTime,MaxRepeats,MinLength,Procedure[Block],repeats2,repeats3,repeats4,repeats5,repeats6,repeats9,Running[Block],TestList1,TestList1.Cycle,TestList1.Sample,TestList2,TestList2.Cycle,TestList2.Sample,TestList3,TestList3.Cycle,TestList3.Sample,Trial,AttenList1,AttenList1.Cycle,AttenList1.Sample,AttenList2,AttenList2.Cycle,AttenList2.Sample,AudioFile[Trial],KeyResp1RESP[Trial],KeyResp1RT[Trial],KeyResp2RESP[Trial],KeyResp2RT[Trial],KeyResp3RESP[Trial],KeyResp3RT[Trial],KeyResp4RESP[Trial],KeyResp4RT[Trial],KeyResp5RESP[Trial],KeyResp5RT[Trial],KeyResp6RESP[Trial],KeyResp6RT[Trial],KeyResp7RESP[Trial],KeyResp7RT[Trial],KeyResp8RESP[Trial],KeyResp8RT[Trial],KeyResp9RESP,KeyResp9RT,LookAwayCrit[Trial],LookAwayTime1[Trial],LookAwayTime2[Trial],LookAwayTime3[Trial],LookAwayTime4[Trial],LookAwayTime5[Trial],LookAwayTime6[Trial],LookAwayTime7[Trial],LookAwayTime8[Trial],LookAwayTime9,LookCrit[Trial],LookTime1[Trial],LookTime10,LookTime2[Trial],LookTime3[Trial],LookTime4[Trial],LookTime5[Trial],LookTime6[Trial],LookTime7[Trial],LookTime8[Trial],LookTime9,Procedure[Trial],Running[Trial]
MarcusMB3_ABA,3,1,<ChronosDeviceInfo><FriendlyName>MyChronos</FriendlyName><DeviceIndex>1</DeviceIndex><SerialNumber>CHR-04301-1201</SerialNumber><EBNVersion>1.0.3.36</EBNVersion><FirmwareVersion>1.33</FirmwareVersion><APIVersion>1.33</APIVersion><USBHostControllerVersion>3.0</USBHostControllerVersion><USBConnectionRoute>USB#ROOT_HUB30#4&36e5125b&0&0#{f18a0e88-c30c-11d0-8815-00a0c906bed8} + VID_2266&PID_0007(6)</USBConnectionRoute></ChronosDeviceInfo>,"<?xml version=""1.0""?>\n<Clock xmlns:dt=""urn:schemas-microsoft-com:datatypes""><Description dt:dt=""string"">E-Prime Primary Realtime Clock</Description><StartTime><Timestamp dt:dt=""int"">0</Timestamp><DateUtc dt:dt=""string"">2021-08-20T10:42:10Z</DateUtc></StartTime><FrequencyChanges><FrequencyChange><Frequency dt:dt=""r8"">10000000</Frequency><Timestamp dt:dt=""r8"">10679271944</Timestamp><Current dt:dt=""r8"">0</Current><DateUtc dt:dt=""string"">2021-08-20T10:42:10Z</DateUtc></FrequencyChange></FrequencyChanges></Clock>\n",MarcusMB3_ABA-3-1,59.942,1.0.0.86,1,2091387333,Professional,2.0.10.356,2.0.10.356,08-20-2021,20-8-2021 10:42:10,12:42:10,2.0.10.252,1,NULL,1,1,1,,NULL,NULL,NULL,NULL,{UPARROW},3645,NULL,NULL,NULL,NULL,NULL,NULL,NULL,NULL,NULL,NULL,NULL,NULL,NULL,NULL,NULL,120000,NULL,3632,NULL,NULL,NULL,NULL,NULL,NULL,NULL,2000,NULL,0,2007,NULL,NULL,NULL,NULL,NULL,NULL,NULL,NULL,NULL,AttentionProc,NULL,NULL,NULL,NULL,NULL,NULL,AttenList,NULL,NULL,NULL,NULL,NULL,NULL,NULL,NULL,NULL,NULL,NULL,NULL,NULL,NULL,NULL,NULL,NULL,NULL,NULL,NULL,NULL,NULL,NULL,NULL,NULL,NULL,NULL,NULL,NULL,NULL,NULL,NULL,NULL,NULL,NULL,NULL,NULL,NULL,NULL,NULL,NULL,NULL,NULL,NULL,NULL,NULL,NULL,NULL,NULL,NULL,NULL,NULL,NULL,NULL,NULL,NULL,NULL,NULL
MarcusMB3_ABA,3,1,<ChronosDeviceInfo><FriendlyName>MyChronos</FriendlyName><DeviceIndex>1</DeviceIndex><SerialNumber>CHR-04301-1201</SerialNumber><EBNVersion>1.0.3.36</EBNVersion><FirmwareVersion>1.33</FirmwareVersion><APIVersion>1.33</APIVersion><USBHostControllerVersion>3.0</USBHostControllerVersion><USBConnectionRoute>USB#ROOT_HUB30#4&36e5125b&0&0#{f18a0e88-c30c-11d0-8815-00a0c906bed8} + VID_2266&PID_0007(6)</USBConnectionRoute></ChronosDeviceInfo>,"<?xml version=""1.0""?>\n<Clock xmlns:dt=""urn:schemas-microsoft-com:datatypes""><Description dt:dt=""string"">E-Prime Primary Realtime Clock</Description><StartTime><Timestamp dt:dt=""int"">0</Timestamp><DateUtc dt:dt=""string"">2021-08-20T10:42:10Z</DateUtc></StartTime><FrequencyChanges><FrequencyChange><Frequency dt:dt=""r8"">10000000</Frequency><Timestamp dt:dt=""r8"">10679271944</Timestamp><Current dt:dt=""r8"">0</Current><DateUtc dt:dt=""string"">2021-08-20T10:42:10Z</DateUtc></FrequencyChange></FrequencyChanges></Clock>\n",MarcusMB3_ABA-3-1,59.942,1.0.0.86,1,2091387333,Professional,2.0.10.356,2.0.10.356,08-20-2021,20-8-2021 10:42:10,12:42:10,2.0.10.252,2,NULL,NULL,NULL,NULL,fam_aba_2.wav,NULL,3,2,1,NULL,NULL,NULL,NULL,NULL,NULL,NULL,NULL,NULL,NULL,NULL,NULL,NULL,NULL,NULL,NULL,NULL,NULL,NULL,NULL,NULL,NULL,NULL,NULL,NULL,NULL,NULL,NULL,NULL,NULL,NULL,NULL,NULL,NULL,NULL,NULL,NULL,116255,NULL,NULL,FamProc,NULL,NULL,NULL,NULL,NULL,NULL,FamList,NULL,NULL,NULL,NULL,NULL,NULL,NULL,NULL,NULL,NULL,NULL,NULL,NULL,NULL,NULL,NULL,NULL,NULL,NULL,NULL,NULL,NULL,NULL,NULL,NULL,NULL,NULL,NULL,NULL,NULL,NULL,NULL,NULL,NULL,NULL,NULL,NULL,NULL,NULL,NULL,NULL,NULL,NULL,NULL,NULL,NULL,NULL,NULL,NULL,NULL,NULL,NULL,NULL,NULL,NULL,NULL,NULL,NULL
MarcusMB3_ABA,3,1,<ChronosDeviceInfo><FriendlyName>MyChronos</FriendlyName><DeviceIndex>1</DeviceIndex><SerialNumber>CHR-04301-1201</SerialNumber><EBNVersion>1.0.3.36</EBNVersion><FirmwareVersion>1.33</FirmwareVersion><APIVersion>1.33</APIVersion><USBHostControllerVersion>3.0</USBHostControllerVersion><USBConnectionRoute>USB#ROOT_HUB30#4&36e5125b&0&0#{f18a0e88-c30c-11d0-8815-00a0c906bed8} + VID_2266&PID_0007(6)</USBConnectionRoute></ChronosDeviceInfo>,"<?xml version=""1.0""?>\n<Clock xmlns:dt=""urn:schemas-microsoft-com:datatypes""><Description dt:dt=""string"">E-Prime Primary Realtime Clock</Description><StartTime><Timestamp dt:dt=""int"">0</Timestamp><DateUtc dt:dt=""string"">2021-08-20T10:42:10Z</DateUtc></StartTime><FrequencyChanges><FrequencyChange><Frequency dt:dt=""r8"">10000000</Frequency><Timestamp dt:dt=""r8"">10679271944</Timestamp><Current dt:dt=""r8"">0</Current><DateUtc dt:dt=""string"">2021-08-20T10:42:10Z</DateUtc></FrequencyChange></FrequencyChanges></Clock>\n",MarcusMB3_ABA-3-1,59.942,1.0.0.86,1,2091387333,Professional,2.0.10.356,2.0.10.356,08-20-2021,20-8-2021 10:42:10,12:42:10,2.0.10.252,3,NULL,NULL,NULL,NULL,test_stream_lonilo_6reps_15sec_ch1.wav,Left,NULL,NULL,NULL,{RIGHTARROW},1059,{-RIGHTARROW},9371,{RIGHTARROW},10451,NULL,NULL,NULL,NULL,NULL,NULL,NULL,NULL,NULL,NULL,1,2000,{-RIGHTARROW},1049,0,1073,NULL,NULL,NULL,NULL,NULL,15000,{RIGHTARROW},0,8304,0,NULL,NULL,NULL,NULL,NULL,NULL,1,15000,TestProc1,NULL,NULL,1,NULL,NULL,NULL,TestList1,1,1,1,NULL,NULL,NULL,NULL,NULL,NULL,1,1,1,1,NULL,NULL,NULL,,{UPARROW},2250,{-RIGHTARROW},9371,{RIGHTARROW},10451,NULL,NULL,NULL,NULL,NULL,NULL,NULL,NULL,NULL,NULL,NULL,NULL,120000,2239,0,1073,NULL,NULL,NULL,NULL,NULL,NULL,2000,0,NULL,2009,0,NULL,NULL,NULL,NULL,NULL,NULL,AttentionProc,AttenList1
MarcusMB3_ABA,3,1,<ChronosDeviceInfo><FriendlyName>MyChronos</FriendlyName><DeviceIndex>1</DeviceIndex><SerialNumber>CHR-04301-1201</SerialNumber><EBNVersion>1.0.3.36</EBNVersion><FirmwareVersion>1.33</FirmwareVersion><APIVersion>1.33</APIVersion><USBHostControllerVersion>3.0</USBHostControllerVersion><USBConnectionRoute>USB#ROOT_HUB30#4&36e5125b&0&0#{f18a0e88-c30c-11d0-8815-00a0c906bed8} + VID_2266&PID_0007(6)</USBConnectionRoute></ChronosDeviceInfo>,"<?xml version=""1.0""?>\n<Clock xmlns:dt=""urn:schemas-microsoft-com:datatypes""><Description dt:dt=""string"">E-Prime Primary Realtime Clock</Description><StartTime><Timestamp dt:dt=""int"">0</Timestamp><DateUtc dt:dt=""string"">2021-08-20T10:42:10Z</DateUtc></StartTime><FrequencyChanges><FrequencyChange><Frequency dt:dt=""r8"">10000000</Frequency><Timestamp dt:dt=""r8"">10679271944</Timestamp><Current dt:dt=""r8"">0</Current><DateUtc dt:dt=""string"">2021-08-20T10:42:10Z</DateUtc></FrequencyChange></FrequencyChanges></Clock>\n",MarcusMB3_ABA-3-1,59.942,1.0.0.86,1,2091387333,Professional,2.0.10.356,2.0.10.356,08-20-2021,20-8-2021 10:42:10,12:42:10,2.0.10.252,4,NULL,NULL,NULL,NULL,test_stream_tisoso_6reps_15sec_ch1.wav,Left,NULL,NULL,NULL,{RIGHTARROW},1203,{-RIGHTARROW},5723,{RIGHTARROW},6923,{-RIGHTARROW},9963,{RIGHTARROW},11419,{-RIGHTARROW},12747,{RIGHTARROW},14419,{-RIGHTARROW},14667,1,2000,{-RIGHTARROW},1193,0,1196,0,1444,0,1661,0,15000,{RIGHTARROW},0,4507,0,3025,0,1322,0,236,NULL,1,15000,TestProc1,NULL,NULL,NULL,NULL,NULL,1,TestList1,4,1,2,NULL,NULL,NULL,NULL,NULL,NULL,1,1,2,2,NULL,NULL,NULL,,{UPARROW},9884,{-RIGHTARROW},5723,{RIGHTARROW},6923,{-RIGHTARROW},9963,{RIGHTARROW},11419,{-RIGHTARROW},12747,{RIGHTARROW},14419,{-RIGHTARROW},14667,NULL,NULL,120000,9876,0,1196,0,1444,0,1661,0,NULL,2000,0,NULL,2000,0,3025,0,1322,0,236,NULL,AttentionProc,AttenList1
MarcusMB3_ABA,3,1,<ChronosDeviceInfo><FriendlyName>MyChronos</FriendlyName><DeviceIndex>1</DeviceIndex><SerialNumber>CHR-04301-1201</SerialNumber><EBNVersion>1.0.3.36</EBNVersion><FirmwareVersion>1.33</FirmwareVersion><APIVersion>1.33</APIVersion><USBHostControllerVersion>3.0</USBHostControllerVersion><USBConnectionRoute>USB#ROOT_HUB30#4&36e5125b&0&0#{f18a0e88-c30c-11d0-8815-00a0c906bed8} + VID_2266&PID_0007(6)</USBConnectionRoute></ChronosDeviceInfo>,"<?xml version=""1.0""?>\n<Clock xmlns:dt=""urn:schemas-microsoft-com:datatypes""><Description dt:dt=""string"">E-Prime Primary Realtime Clock</Description><StartTime><Timestamp dt:dt=""int"">0</Timestamp><DateUtc dt:dt=""string"">2021-08-20T10:42:10Z</DateUtc></StartTime><FrequencyChanges><FrequencyChange><Frequency dt:dt=""r8"">10000000</Frequency><Timestamp dt:dt=""r8"">10679271944</Timestamp><Current dt:dt=""r8"">0</Current><DateUtc dt:dt=""string"">2021-08-20T10:42:10Z</DateUtc></FrequencyChange></FrequencyChanges></Clock>\n",MarcusMB3_ABA-3-1,59.942,1.0.0.86,1,2091387333,Professional,2.0.10.356,2.0.10.356,08-20-2021,20-8-2021 10:42:10,12:42:10,2.0.10.252,5,NULL,NULL,NULL,NULL,test_stream_lonini_6reps_15sec_ch2.wav,Right,NULL,NULL,NULL,{LEFTARROW},8346,{-LEFTARROW},12618,{LEFTARROW},14282,{-LEFTARROW},20858,{LEFTARROW},22050,NULL,NULL,NULL,NULL,NULL,NULL,4,2000,{-LEFTARROW},8332,0,1661,0,1186,NULL,NULL,NULL,15000,{LEFTARROW},0,4262,0,6558,0,NULL,NULL,NULL,NULL,1,15000,TestProc1,NULL,NULL,NULL,NULL,1,NULL,TestList1,3,1,3,NULL,NULL,NULL,NULL,NULL,NULL,1,1,3,3,NULL,NULL,NULL,,{UPARROW},1038,{-UPARROW},2990,{UPARROW},4726,{-LEFTARROW},20858,{LEFTARROW},22050,NULL,NULL,NULL,NULL,NULL,NULL,NULL,NULL,120000,1034,0,1723,0,1186,NULL,NULL,NULL,NULL,2000,0,NULL,1928,0,2000,0,NULL,NULL,NULL,NULL,AttentionProc,AttenList1
MarcusMB3_ABA,3,1,<ChronosDeviceInfo><FriendlyName>MyChronos</FriendlyName><DeviceIndex>1</DeviceIndex><SerialNumber>CHR-04301-1201</SerialNumber><EBNVersion>1.0.3.36</EBNVersion><FirmwareVersion>1.33</FirmwareVersion><APIVersion>1.33</APIVersion><USBHostControllerVersion>3.0</USBHostControllerVersion><USBConnectionRoute>USB#ROOT_HUB30#4&36e5125b&0&0#{f18a0e88-c30c-11d0-8815-00a0c906bed8} + VID_2266&PID_0007(6)</USBConnectionRoute></ChronosDeviceInfo>,"<?xml version=""1.0""?>\n<Clock xmlns:dt=""urn:schemas-microsoft-com:datatypes""><Description dt:dt=""string"">E-Prime Primary Realtime Clock</Description><StartTime><Timestamp dt:dt=""int"">0</Timestamp><DateUtc dt:dt=""string"">2021-08-20T10:42:10Z</DateUtc></StartTime><FrequencyChanges><FrequencyChange><Frequency dt:dt=""r8"">10000000</Frequency><Timestamp dt:dt=""r8"">10679271944</Timestamp><Current dt:dt=""r8"">0</Current><DateUtc dt:dt=""string"">2021-08-20T10:42:10Z</DateUtc></FrequencyChange></FrequencyChanges></Clock>\n",MarcusMB3_ABA-3-1,59.942,1.0.0.86,1,2091387333,Professional,2.0.10.356,2.0.10.356,08-20-2021,20-8-2021 10:42:10,12:42:10,2.0.10.252,6,NULL,NULL,NULL,NULL,test_stream_tisoti_6reps_15sec_ch2.wav,Right,NULL,NULL,NULL,{LEFTARROW},1076,{-LEFTARROW},4732,NULL,NULL,NULL,NULL,NULL,NULL,NULL,NULL,NULL,NULL,NULL,NULL,4,2000,{-LEFTARROW},1069,0,2003,NULL,NULL,NULL,NULL,NULL,15000,{LEFTARROW},0,3646,NULL,NULL,NULL,NULL,NULL,NULL,NULL,1,15000,TestProc1,NULL,0,NULL,NULL,NULL,NULL,TestList1,2,1,4,NULL,NULL,NULL,NULL,NULL,NULL,1,1,4,4,NULL,NULL,NULL,,{UPARROW},1560,{-LEFTARROW},4732,NULL,NULL,NULL,NULL,NULL,NULL,NULL,NULL,NULL,NULL,NULL,NULL,NULL,NULL,120000,1550,0,2003,NULL,NULL,NULL,NULL,NULL,NULL,2000,0,NULL,2010,NULL,NULL,NULL,NULL,NULL,NULL,NULL,AttentionProc,AttenList1
MarcusMB3_ABA,3,1,<ChronosDeviceInfo><FriendlyName>MyChronos</FriendlyName><DeviceIndex>1</DeviceIndex><SerialNumber>CHR-04301-1201</SerialNumber><EBNVersion>1.0.3.36</EBNVersion><FirmwareVersion>1.33</FirmwareVersion><APIVersion>1.33</APIVersion><USBHostControllerVersion>3.0</USBHostControllerVersion><USBConnectionRoute>USB#ROOT_HUB30#4&36e5125b&0&0#{f18a0e88-c30c-11d0-8815-00a0c906bed8} + VID_2266&PID_0007(6)</USBConnectionRoute></ChronosDeviceInfo>,"<?xml version=""1.0""?>\n<Clock xmlns:dt=""urn:schemas-microsoft-com:datatypes""><Description dt:dt=""string"">E-Prime Primary Realtime Clock</Description><StartTime><Timestamp dt:dt=""int"">0</Timestamp><DateUtc dt:dt=""string"">2021-08-20T10:42:10Z</DateUtc></StartTime><FrequencyChanges><FrequencyChange><Frequency dt:dt=""r8"">10000000</Frequency><Timestamp dt:dt=""r8"">10679271944</Timestamp><Current dt:dt=""r8"">0</Current><DateUtc dt:dt=""string"">2021-08-20T10:42:10Z</DateUtc></FrequencyChange></FrequencyChanges></Clock>\n",MarcusMB3_ABA-3-1,59.942,1.0.0.86,1,2091387333,Professional,2.0.10.356,2.0.10.356,08-20-2021,20-8-2021 10:42:10,12:42:10,2.0.10.252,7,Right,NULL,NULL,NULL,test_stream_lonilo_6reps_15sec_ch2.wav,NULL,NULL,NULL,NULL,{LEFTARROW},1252,NULL,NULL,NULL,NULL,NULL,NULL,NULL,NULL,NULL,NULL,NULL,NULL,NULL,NULL,4,2000,{-LEFTARROW},1244,NULL,NULL,NULL,NULL,NULL,NULL,NULL,15000,{LEFTARROW},0,15005,NULL,NULL,NULL,NULL,NULL,NULL,NULL,1,15000,TestProc2,0,NULL,NULL,NULL,NULL,NULL,TestList2,NULL,NULL,NULL,1,1,1,NULL,NULL,NULL,1,NULL,NULL,NULL,1,1,1,,{UPARROW},1556,{-UPARROW},2852,{UPARROW},5212,NULL,NULL,NULL,NULL,NULL,NULL,NULL,NULL,NULL,NULL,NULL,NULL,120000,1550,0,2342,NULL,NULL,NULL,NULL,NULL,NULL,2000,0,NULL,1278,0,2000,NULL,NULL,NULL,NULL,NULL,AttentionProc,AttenList2
MarcusMB3_ABA,3,1,<ChronosDeviceInfo><FriendlyName>MyChronos</FriendlyName><DeviceIndex>1</DeviceIndex><SerialNumber>CHR-04301-1201</SerialNumber><EBNVersion>1.0.3.36</EBNVersion><FirmwareVersion>1.33</FirmwareVersion><APIVersion>1.33</APIVersion><USBHostControllerVersion>3.0</USBHostControllerVersion><USBConnectionRoute>USB#ROOT_HUB30#4&36e5125b&0&0#{f18a0e88-c30c-11d0-8815-00a0c906bed8} + VID_2266&PID_0007(6)</USBConnectionRoute></ChronosDeviceInfo>,"<?xml version=""1.0""?>\n<Clock xmlns:dt=""urn:schemas-microsoft-com:datatypes""><Description dt:dt=""string"">E-Prime Primary Realtime Clock</Description><StartTime><Timestamp dt:dt=""int"">0</Timestamp><DateUtc dt:dt=""string"">2021-08-20T10:42:10Z</DateUtc></StartTime><FrequencyChanges><FrequencyChange><Frequency dt:dt=""r8"">10000000</Frequency><Timestamp dt:dt=""r8"">10679271944</Timestamp><Current dt:dt=""r8"">0</Current><DateUtc dt:dt=""string"">2021-08-20T10:42:10Z</DateUtc></FrequencyChange></FrequencyChanges></Clock>\n",MarcusMB3_ABA-3-1,59.942,1.0.0.86,1,2091387333,Professional,2.0.10.356,2.0.10.356,08-20-2021,20-8-2021 10:42:10,12:42:10,2.0.10.252,8,Left,NULL,NULL,NULL,test_stream_tisoso_6reps_15sec_ch1.wav,NULL,NULL,NULL,NULL,{RIGHTARROW},976,{-RIGHTARROW},5136,{RIGHTARROW},5864,{-RIGHTARROW},9784,NULL,NULL,NULL,NULL,NULL,NULL,NULL,NULL,1,2000,{-RIGHTARROW},967,0,712,0,2004,NULL,NULL,NULL,15000,{RIGHTARROW},0,4153,0,3909,NULL,NULL,NULL,NULL,NULL,1,15000,TestProc2,NULL,NULL,NULL,0,NULL,NULL,TestList2,NULL,NULL,NULL,4,1,2,NULL,NULL,NULL,1,NULL,NULL,NULL,1,2,2,,{UPARROW},2974,{-UPARROW},3534,{UPARROW},11582,{-UPARROW},13246,{UPARROW},14326,{-UPARROW},15166,{UPARROW},18462,NULL,NULL,NULL,NULL,120000,2962,0,8033,0,1065,0,3286,NULL,NULL,2000,0,NULL,548,0,1656,0,823,0,2000,NULL,AttentionProc,AttenList2
MarcusMB3_ABA,3,1,<ChronosDeviceInfo><FriendlyName>MyChronos</FriendlyName><DeviceIndex>1</DeviceIndex><SerialNumber>CHR-04301-1201</SerialNumber><EBNVersion>1.0.3.36</EBNVersion><FirmwareVersion>1.33</FirmwareVersion><APIVersion>1.33</APIVersion><USBHostControllerVersion>3.0</USBHostControllerVersion><USBConnectionRoute>USB#ROOT_HUB30#4&36e5125b&0&0#{f18a0e88-c30c-11d0-8815-00a0c906bed8} + VID_2266&PID_0007(6)</USBConnectionRoute></ChronosDeviceInfo>,"<?xml version=""1.0""?>\n<Clock xmlns:dt=""urn:schemas-microsoft-com:datatypes""><Description dt:dt=""string"">E-Prime Primary Realtime Clock</Description><StartTime><Timestamp dt:dt=""int"">0</Timestamp><DateUtc dt:dt=""string"">2021-08-20T10:42:10Z</DateUtc></StartTime><FrequencyChanges><FrequencyChange><Frequency dt:dt=""r8"">10000000</Frequency><Timestamp dt:dt=""r8"">10679271944</Timestamp><Current dt:dt=""r8"">0</Current><DateUtc dt:dt=""string"">2021-08-20T10:42:10Z</DateUtc></FrequencyChange></FrequencyChanges></Clock>\n",MarcusMB3_ABA-3-1,59.942,1.0.0.86,1,2091387333,Professional,2.0.10.356,2.0.10.356,08-20-2021,20-8-2021 10:42:10,12:42:10,2.0.10.252,9,Left,NULL,NULL,NULL,test_stream_lonini_6reps_15sec_ch1.wav,NULL,NULL,NULL,NULL,{RIGHTARROW},1024,NULL,NULL,NULL,NULL,NULL,NULL,NULL,NULL,NULL,NULL,NULL,NULL,NULL,NULL,1,2000,{-RIGHTARROW},1018,NULL,NULL,NULL,NULL,NULL,NULL,NULL,15000,{RIGHTARROW},0,15004,NULL,NULL,NULL,NULL,NULL,NULL,NULL,1,15000,TestProc2,0,NULL,NULL,NULL,NULL,NULL,TestList2,NULL,NULL,NULL,3,1,3,NULL,NULL,NULL,1,NULL,NULL,NULL,1,3,3,,{UPARROW},1738,{-UPARROW},2874,{UPARROW},4514,{-UPARROW},5762,{UPARROW},25426,{-UPARROW},26850,{UPARROW},26866,{-UPARROW},27402,{UPARROW},29242,120000,1724,0,1622,0,19652,0,10,0,1825,2000,0,2000,1128,0,1239,0,1400,0,518,0,AttentionProc,AttenList2
MarcusMB3_ABA,3,1,<ChronosDeviceInfo><FriendlyName>MyChronos</FriendlyName><DeviceIndex>1</DeviceIndex><SerialNumber>CHR-04301-1201</SerialNumber><EBNVersion>1.0.3.36</EBNVersion><FirmwareVersion>1.33</FirmwareVersion><APIVersion>1.33</APIVersion><USBHostControllerVersion>3.0</USBHostControllerVersion><USBConnectionRoute>USB#ROOT_HUB30#4&36e5125b&0&0#{f18a0e88-c30c-11d0-8815-00a0c906bed8} + VID_2266&PID_0007(6)</USBConnectionRoute></ChronosDeviceInfo>,"<?xml version=""1.0""?>\n<Clock xmlns:dt=""urn:schemas-microsoft-com:datatypes""><Description dt:dt=""string"">E-Prime Primary Realtime Clock</Description><StartTime><Timestamp dt:dt=""int"">0</Timestamp><DateUtc dt:dt=""string"">2021-08-20T10:42:10Z</DateUtc></StartTime><FrequencyChanges><FrequencyChange><Frequency dt:dt=""r8"">10000000</Frequency><Timestamp dt:dt=""r8"">10679271944</Timestamp><Current dt:dt=""r8"">0</Current><DateUtc dt:dt=""string"">2021-08-20T10:42:10Z</DateUtc></FrequencyChange></FrequencyChanges></Clock>\n",MarcusMB3_ABA-3-1,59.942,1.0.0.86,1,2091387333,Professional,2.0.10.356,2.0.10.356,08-20-2021,20-8-2021 10:42:10,12:42:10,2.0.10.252,10,Right,NULL,NULL,NULL,test_stream_tisoti_6reps_15sec_ch2.wav,NULL,NULL,NULL,NULL,{LEFTARROW},3948,{-LEFTARROW},8724,{LEFTARROW},9564,{-LEFTARROW},12700,{LEFTARROW},14132,NULL,NULL,NULL,NULL,NULL,NULL,4,2000,{-LEFTARROW},3937,0,824,0,1425,NULL,NULL,NULL,15000,{LEFTARROW},0,4768,0,3130,0,NULL,NULL,NULL,NULL,1,15000,TestProc2,NULL,NULL,NULL,NULL,1,NULL,TestList2,NULL,NULL,NULL,2,1,4,NULL,NULL,NULL,1,NULL,NULL,NULL,1,4,4,,{UPARROW},1500,{-LEFTARROW},8724,{LEFTARROW},9564,{-LEFTARROW},12700,{LEFTARROW},14132,NULL,NULL,NULL,NULL,NULL,NULL,NULL,NULL,120000,1491,0,824,0,1425,NULL,NULL,NULL,NULL,2000,0,NULL,2002,0,3130,0,NULL,NULL,NULL,NULL,AttentionProc,AttenList2
MarcusMB3_ABA,3,1,<ChronosDeviceInfo><FriendlyName>MyChronos</FriendlyName><DeviceIndex>1</DeviceIndex><SerialNumber>CHR-04301-1201</SerialNumber><EBNVersion>1.0.3.36</EBNVersion><FirmwareVersion>1.33</FirmwareVersion><APIVersion>1.33</APIVersion><USBHostControllerVersion>3.0</USBHostControllerVersion><USBConnectionRoute>USB#ROOT_HUB30#4&36e5125b&0&0#{f18a0e88-c30c-11d0-8815-00a0c906bed8} + VID_2266&PID_0007(6)</USBConnectionRoute></ChronosDeviceInfo>,"<?xml version=""1.0""?>\n<Clock xmlns:dt=""urn:schemas-microsoft-com:datatypes""><Description dt:dt=""string"">E-Prime Primary Realtime Clock</Description><StartTime><Timestamp dt:dt=""int"">0</Timestamp><DateUtc dt:dt=""string"">2021-08-20T10:42:10Z</DateUtc></StartTime><FrequencyChanges><FrequencyChange><Frequency dt:dt=""r8"">10000000</Frequency><Timestamp dt:dt=""r8"">10679271944</Timestamp><Current dt:dt=""r8"">0</Current><DateUtc dt:dt=""string"">2021-08-20T10:42:10Z</DateUtc></FrequencyChange></FrequencyChanges></Clock>\n",MarcusMB3_ABA-3-1,59.942,1.0.0.86,1,2091387333,Professional,2.0.10.356,2.0.10.356,08-20-2021,20-8-2021 10:42:10,12:42:10,2.0.10.252,11,NULL,NULL,NULL,NULL,test_stream_lonilo_6reps_15sec_ch1.wav,Left,NULL,NULL,NULL,{RIGHTARROW},1046,{-RIGHTARROW},4038,NULL,NULL,NULL,NULL,NULL,NULL,NULL,NULL,NULL,NULL,NULL,NULL,1,2000,{-RIGHTARROW},1038,0,2005,NULL,NULL,NULL,NULL,NULL,15000,{RIGHTARROW},0,2983,NULL,NULL,NULL,NULL,NULL,NULL,NULL,1,15000,TestProc1,NULL,0,NULL,NULL,NULL,NULL,TestList3,NULL,NULL,NULL,NULL,NULL,NULL,1,1,1,1,1,5,5,NULL,NULL,NULL,,{UPARROW},1447,{-UPARROW},3423,{UPARROW},13439,{-UPARROW},14823,{UPARROW},22567,{-UPARROW},23687,{UPARROW},32999,NULL,NULL,NULL,NULL,120000,1440,0,9999,0,7728,0,9296,NULL,NULL,2000,0,NULL,1960,0,1372,0,1107,0,2000,NULL,AttentionProc,AttenList1
MarcusMB3_ABA,3,1,<ChronosDeviceInfo><FriendlyName>MyChronos</FriendlyName><DeviceIndex>1</DeviceIndex><SerialNumber>CHR-04301-1201</SerialNumber><EBNVersion>1.0.3.36</EBNVersion><FirmwareVersion>1.33</FirmwareVersion><APIVersion>1.33</APIVersion><USBHostControllerVersion>3.0</USBHostControllerVersion><USBConnectionRoute>USB#ROOT_HUB30#4&36e5125b&0&0#{f18a0e88-c30c-11d0-8815-00a0c906bed8} + VID_2266&PID_0007(6)</USBConnectionRoute></ChronosDeviceInfo>,"<?xml version=""1.0""?>\n<Clock xmlns:dt=""urn:schemas-microsoft-com:datatypes""><Description dt:dt=""string"">E-Prime Primary Realtime Clock</Description><StartTime><Timestamp dt:dt=""int"">0</Timestamp><DateUtc dt:dt=""string"">2021-08-20T10:42:10Z</DateUtc></StartTime><FrequencyChanges><FrequencyChange><Frequency dt:dt=""r8"">10000000</Frequency><Timestamp dt:dt=""r8"">10679271944</Timestamp><Current dt:dt=""r8"">0</Current><DateUtc dt:dt=""string"">2021-08-20T10:42:10Z</DateUtc></FrequencyChange></FrequencyChanges></Clock>\n",MarcusMB3_ABA-3-1,59.942,1.0.0.86,1,2091387333,Professional,2.0.10.356,2.0.10.356,08-20-2021,20-8-2021 10:42:10,12:42:10,2.0.10.252,12,NULL,NULL,NULL,NULL,test_stream_tisoso_6reps_15sec_ch2.wav,Right,NULL,NULL,NULL,{LEFTARROW},2687,{-LEFTARROW},9047,NULL,NULL,NULL,NULL,NULL,NULL,NULL,NULL,NULL,NULL,NULL,NULL,4,2000,{-LEFTARROW},2682,0,2005,NULL,NULL,NULL,NULL,NULL,15000,{LEFTARROW},0,6342,NULL,NULL,NULL,NULL,NULL,NULL,NULL,1,15000,TestProc1,NULL,0,NULL,NULL,NULL,NULL,TestList3,NULL,NULL,NULL,NULL,NULL,NULL,4,1,2,1,1,6,6,NULL,NULL,NULL,,{UPARROW},1403,{-LEFTARROW},9047,NULL,NULL,NULL,NULL,NULL,NULL,NULL,NULL,NULL,NULL,NULL,NULL,NULL,NULL,120000,1389,0,2005,NULL,NULL,NULL,NULL,NULL,NULL,2000,0,NULL,2001,NULL,NULL,NULL,NULL,NULL,NULL,NULL,AttentionProc,AttenList1
MarcusMB3_ABA,3,1,<ChronosDeviceInfo><FriendlyName>MyChronos</FriendlyName><DeviceIndex>1</DeviceIndex><SerialNumber>CHR-04301-1201</SerialNumber><EBNVersion>1.0.3.36</EBNVersion><FirmwareVersion>1.33</FirmwareVersion><APIVersion>1.33</APIVersion><USBHostControllerVersion>3.0</USBHostControllerVersion><USBConnectionRoute>USB#ROOT_HUB30#4&36e5125b&0&0#{f18a0e88-c30c-11d0-8815-00a0c906bed8} + VID_2266&PID_0007(6)</USBConnectionRoute></ChronosDeviceInfo>,"<?xml version=""1.0""?>\n<Clock xmlns:dt=""urn:schemas-microsoft-com:datatypes""><Description dt:dt=""string"">E-Prime Primary Realtime Clock</Description><StartTime><Timestamp dt:dt=""int"">0</Timestamp><DateUtc dt:dt=""string"">2021-08-20T10:42:10Z</DateUtc></StartTime><FrequencyChanges><FrequencyChange><Frequency dt:dt=""r8"">10000000</Frequency><Timestamp dt:dt=""r8"">10679271944</Timestamp><Current dt:dt=""r8"">0</Current><DateUtc dt:dt=""string"">2021-08-20T10:42:10Z</DateUtc></FrequencyChange></FrequencyChanges></Clock>\n",MarcusMB3_ABA-3-1,59.942,1.0.0.86,1,2091387333,Professional,2.0.10.356,2.0.10.356,08-20-2021,20-8-2021 10:42:10,12:42:10,2.0.10.252,13,NULL,NULL,NULL,NULL,test_stream_tisoti_6reps_15sec_ch1.wav,Left,NULL,NULL,NULL,{RIGHTARROW},1005,{-RIGHTARROW},3941,NULL,NULL,NULL,NULL,NULL,NULL,NULL,NULL,NULL,NULL,NULL,NULL,1,2000,{-RIGHTARROW},998,0,2007,NULL,NULL,NULL,NULL,NULL,15000,{RIGHTARROW},0,2924,NULL,NULL,NULL,NULL,NULL,NULL,NULL,1,15000,TestProc1,NULL,0,NULL,NULL,NULL,NULL,TestList3,NULL,NULL,NULL,NULL,NULL,NULL,2,1,3,1,1,7,7,NULL,NULL,NULL,,{UPARROW},1135,{-RIGHTARROW},3941,NULL,NULL,NULL,NULL,NULL,NULL,NULL,NULL,NULL,NULL,NULL,NULL,NULL,NULL,120000,1125,0,2007,NULL,NULL,NULL,NULL,NULL,NULL,2000,0,NULL,2001,NULL,NULL,NULL,NULL,NULL,NULL,NULL,AttentionProc,AttenList1
MarcusMB3_ABA,3,1,<ChronosDeviceInfo><FriendlyName>MyChronos</FriendlyName><DeviceIndex>1</DeviceIndex><SerialNumber>CHR-04301-1201</SerialNumber><EBNVersion>1.0.3.36</EBNVersion><FirmwareVersion>1.33</FirmwareVersion><APIVersion>1.33</APIVersion><USBHostControllerVersion>3.0</USBHostControllerVersion><USBConnectionRoute>USB#ROOT_HUB30#4&36e5125b&0&0#{f18a0e88-c30c-11d0-8815-00a0c906bed8} + VID_2266&PID_0007(6)</USBConnectionRoute></ChronosDeviceInfo>,"<?xml version=""1.0""?>\n<Clock xmlns:dt=""urn:schemas-microsoft-com:datatypes""><Description dt:dt=""string"">E-Prime Primary Realtime Clock</Description><StartTime><Timestamp dt:dt=""int"">0</Timestamp><DateUtc dt:dt=""string"">2021-08-20T10:42:10Z</DateUtc></StartTime><FrequencyChanges><FrequencyChange><Frequency dt:dt=""r8"">10000000</Frequency><Timestamp dt:dt=""r8"">10679271944</Timestamp><Current dt:dt=""r8"">0</Current><DateUtc dt:dt=""string"">2021-08-20T10:42:10Z</DateUtc></FrequencyChange></FrequencyChanges></Clock>\n",MarcusMB3_ABA-3-1,59.942,1.0.0.86,1,2091387333,Professional,2.0.10.356,2.0.10.356,08-20-2021,20-8-2021 10:42:10,12:42:10,2.0.10.252,14,NULL,NULL,NULL,NULL,test_stream_lonini_6reps_15sec_ch2.wav,Right,NULL,NULL,NULL,{LEFTARROW},838,{-LEFTARROW},10294,NULL,NULL,NULL,NULL,NULL,NULL,NULL,NULL,NULL,NULL,NULL,NULL,4,2000,{-LEFTARROW},824,0,2005,NULL,NULL,NULL,NULL,NULL,15000,{LEFTARROW},0,9446,NULL,NULL,NULL,NULL,NULL,NULL,NULL,1,15000,TestProc1,NULL,0,NULL,NULL,NULL,NULL,TestList3,NULL,NULL,NULL,NULL,NULL,NULL,3,1,4,1,1,8,8,NULL,NULL,NULL,,{UPARROW},1734,{-UPARROW},3006,{UPARROW},17550,NULL,NULL,NULL,NULL,NULL,NULL,NULL,NULL,NULL,NULL,NULL,NULL,120000,1724,0,14531,NULL,NULL,NULL,NULL,NULL,NULL,2000,0,NULL,1259,0,2001,NULL,NULL,NULL,NULL,NULL,AttentionProc,AttenList1